{"loss": 1.2593165636062622, "accuracy": 0.9541666507720947}