{"loss": 1.7974942922592163, "accuracy": 0.9291666746139526}