{"loss": 1.259316325187683, "accuracy": 0.9541666507720947}