{"loss": 1.042060375213623, "accuracy": 0.9125000238418579}